<annotation>
	<folder>images</folder>
	<filename>2.jpg</filename>
	<path>C:\Users\sualp\Masaüstü\Ekipman_Detection\Ekipmanlar\train\images\2.jpg</path>
	<source>
		<database>Unknown</database>
	</source>
	<size>
		<width>900</width>
		<height>1200</height>
		<depth>3</depth>
	</size>
	<segmented>0</segmented>
	<object>
		<name>baret</name>
		<pose>Unspecified</pose>
		<truncated>0</truncated>
		<difficult>0</difficult>
		<bndbox>
			<xmin>76</xmin>
			<ymin>348</ymin>
			<xmax>834</xmax>
			<ymax>934</ymax>
		</bndbox>
	</object>
</annotation>
