<annotation>
	<folder>images</folder>
	<filename>4.jpg</filename>
	<path>C:\Users\sualp\Masaüstü\Ekipman_Detection\Ekipmanlar\train\images\4.jpg</path>
	<source>
		<database>Unknown</database>
	</source>
	<size>
		<width>1200</width>
		<height>1320</height>
		<depth>3</depth>
	</size>
	<segmented>0</segmented>
	<object>
		<name>baret</name>
		<pose>Unspecified</pose>
		<truncated>0</truncated>
		<difficult>0</difficult>
		<bndbox>
			<xmin>74</xmin>
			<ymin>165</ymin>
			<xmax>1133</xmax>
			<ymax>982</ymax>
		</bndbox>
	</object>
</annotation>
