<annotation>
	<folder>images</folder>
	<filename>5.jpg</filename>
	<path>C:\Users\sualp\Masaüstü\Ekipman_Detection\Ekipmanlar\train\images\5.jpg</path>
	<source>
		<database>Unknown</database>
	</source>
	<size>
		<width>500</width>
		<height>500</height>
		<depth>3</depth>
	</size>
	<segmented>0</segmented>
	<object>
		<name>baret</name>
		<pose>Unspecified</pose>
		<truncated>0</truncated>
		<difficult>0</difficult>
		<bndbox>
			<xmin>19</xmin>
			<ymin>28</ymin>
			<xmax>483</xmax>
			<ymax>327</ymax>
		</bndbox>
	</object>
</annotation>
